Burst,Signal Type,Signal Type_str,ECC Number,ECC Number_str,AziBlock_Sum,AziBlock_Start,AziBlock_Stop
1,0,Echo,8,Interferometric Wide Swath,957,0,957
2,8,Tx Cal,8,Interferometric Wide Swath,19,958,977
3,0,Echo,8,Interferometric Wide Swath,1547,978,2525
4,9,Rx Cal,8,Interferometric Wide Swath,19,2526,2545
5,0,Echo,8,Interferometric Wide Swath,1409,2546,3955
6,10,EPDN Cal,8,Interferometric Wide Swath,19,3956,3975
7,0,Echo,8,Interferometric Wide Swath,1408,3976,5384
8,11,TA Cal,8,Interferometric Wide Swath,19,5385,5404
9,0,Echo,8,Interferometric Wide Swath,1547,5405,6952
10,12,APDN Cal,8,Interferometric Wide Swath,19,6953,6972
11,0,Echo,8,Interferometric Wide Swath,1409,6973,8382
12,12,APDN Cal,8,Interferometric Wide Swath,19,8383,8402
13,0,Echo,8,Interferometric Wide Swath,1408,8403,9811
14,8,Tx Cal,8,Interferometric Wide Swath,19,9812,9831
15,0,Echo,8,Interferometric Wide Swath,1547,9832,11379
16,9,Rx Cal,8,Interferometric Wide Swath,19,11380,11399
17,0,Echo,8,Interferometric Wide Swath,1409,11400,12809
18,10,EPDN Cal,8,Interferometric Wide Swath,19,12810,12829
19,0,Echo,8,Interferometric Wide Swath,1408,12830,14238
20,11,TA Cal,8,Interferometric Wide Swath,19,14239,14258
21,0,Echo,8,Interferometric Wide Swath,1547,14259,15806
22,12,APDN Cal,8,Interferometric Wide Swath,19,15807,15826
23,0,Echo,8,Interferometric Wide Swath,1409,15827,17236
24,12,APDN Cal,8,Interferometric Wide Swath,19,17237,17256
25,0,Echo,8,Interferometric Wide Swath,1408,17257,18665
26,8,Tx Cal,8,Interferometric Wide Swath,19,18666,18685
27,0,Echo,8,Interferometric Wide Swath,1547,18686,20233
28,9,Rx Cal,8,Interferometric Wide Swath,19,20234,20253
29,0,Echo,8,Interferometric Wide Swath,1409,20254,21663
30,10,EPDN Cal,8,Interferometric Wide Swath,19,21664,21683
31,0,Echo,8,Interferometric Wide Swath,1408,21684,23092
32,11,TA Cal,8,Interferometric Wide Swath,19,23093,23112
33,0,Echo,8,Interferometric Wide Swath,1547,23113,24660
34,12,APDN Cal,8,Interferometric Wide Swath,19,24661,24680
35,0,Echo,8,Interferometric Wide Swath,1409,24681,26090
36,12,APDN Cal,8,Interferometric Wide Swath,19,26091,26110
37,0,Echo,8,Interferometric Wide Swath,1408,26111,27519
38,8,Tx Cal,8,Interferometric Wide Swath,19,27520,27539
39,0,Echo,8,Interferometric Wide Swath,1547,27540,29087
40,9,Rx Cal,8,Interferometric Wide Swath,19,29088,29107
41,0,Echo,8,Interferometric Wide Swath,1409,29108,30517
42,10,EPDN Cal,8,Interferometric Wide Swath,19,30518,30537
43,0,Echo,8,Interferometric Wide Swath,1408,30538,31946
44,11,TA Cal,8,Interferometric Wide Swath,19,31947,31966
45,0,Echo,8,Interferometric Wide Swath,1547,31967,33514
46,12,APDN Cal,8,Interferometric Wide Swath,19,33515,33534
47,0,Echo,8,Interferometric Wide Swath,1409,33535,34944
48,12,APDN Cal,8,Interferometric Wide Swath,19,34945,34964
49,0,Echo,8,Interferometric Wide Swath,1408,34965,36373
50,8,Tx Cal,8,Interferometric Wide Swath,19,36374,36393
51,0,Echo,8,Interferometric Wide Swath,1547,36394,37941
52,9,Rx Cal,8,Interferometric Wide Swath,19,37942,37961
53,0,Echo,8,Interferometric Wide Swath,1409,37962,39371
54,10,EPDN Cal,8,Interferometric Wide Swath,19,39372,39391
55,0,Echo,8,Interferometric Wide Swath,1408,39392,40800
56,11,TA Cal,8,Interferometric Wide Swath,19,40801,40820
57,0,Echo,8,Interferometric Wide Swath,1547,40821,42368
58,12,APDN Cal,8,Interferometric Wide Swath,19,42369,42388
59,0,Echo,8,Interferometric Wide Swath,1409,42389,43798
60,12,APDN Cal,8,Interferometric Wide Swath,19,43799,43818
61,0,Echo,8,Interferometric Wide Swath,1408,43819,45227
62,8,Tx Cal,8,Interferometric Wide Swath,19,45228,45247
63,0,Echo,8,Interferometric Wide Swath,1547,45248,46795
64,9,Rx Cal,8,Interferometric Wide Swath,19,46796,46815
65,0,Echo,8,Interferometric Wide Swath,1409,46816,48225
66,10,EPDN Cal,8,Interferometric Wide Swath,19,48226,48245
67,0,Echo,8,Interferometric Wide Swath,1408,48246,49654
68,11,TA Cal,8,Interferometric Wide Swath,19,49655,49674
69,0,Echo,8,Interferometric Wide Swath,1547,49675,51222
70,12,APDN Cal,8,Interferometric Wide Swath,19,51223,51242
71,0,Echo,8,Interferometric Wide Swath,693,51243,51936
